Ambitious Adventurer,https://files.collective.gg/p/cards/fa31d421-f17c-80ee-8857-2bdf508e347f-s.png
Amboss Demon,https://files.collective.gg/p/cards/e0c6c788-8797-86c1-0175-bebb0539edf5-s.png
Arena Gladiator,https://files.collective.gg/p/cards/2fdeaa52-37be-6d53-8d13-1058842d0f39-s.png
Baby Diver,https://files.collective.gg/p/cards/a4d18dbe-61de-19fd-e6da-5692bf7ade5c-s.png
Barnacle Monster,https://files.collective.gg/p/cards/38c49cf4-3bdc-9b4d-c2ca-661b83b35e67-s.png
Brain Food,https://files.collective.gg/p/cards/5cb9a348-45c1-1d54-a979-630d5b4c9f2b-s.png
Cataclysm,https://files.collective.gg/p/cards/1b952ef8-75bd-827c-d88e-dfb2474775fc-s.png
Cosmopolitan Pancakes,https://files.collective.gg/p/cards/28936463-bf72-1be7-6bc7-4b359fed7c7b-m.png
Cursed Hero,https://files.collective.gg/p/cards/9628d841-fff1-da86-fab0-4c3c6475b5ab-s.png
Demon Heart,https://files.collective.gg/p/cards/77c7f642-9d2b-7bed-7c53-e6b5d89119e4-s.png
Imp of Chapped Hands,https://files.collective.gg/p/cards/22f2e392-ef10-71ad-9494-7b91846a34ab-s.png
Energy Drink,https://files.collective.gg/p/cards/c4898100-7cfa-d267-b61e-44e15d274265-s.png
Explosive Incantation,https://files.collective.gg/p/cards/de077051-1fcc-9d4d-3c88-80276d2a3bf0-s.png
Falling Star,https://files.collective.gg/p/cards/4b80d7bf-60a0-bdf9-499d-e11dcc156605-s.png
Sea Captain,https://files.collective.gg/p/cards/bfa2fef8-0580-ba91-61cc-093042304705-s.png
Clattering Skeleton,https://files.collective.gg/p/cards/87fa0b97-72c1-6947-68f0-f173142d1832-s.png
Fireball,https://files.collective.gg/p/cards/0e5b15a8-2ba0-01ae-cd41-369018837d6b-s.png
Undersea Aboleth,https://files.collective.gg/p/cards/67558210-2bce-a757-f520-20e7eb668fac-s.png
Frozen Fish,https://files.collective.gg/p/cards/5b8530f7-ea6f-e860-0039-be8b056e8a5c-s.png
Gem Golem,https://files.collective.gg/p/cards/b94502e9-217f-fe77-a7d7-d8b4bf677621-s.png
Malachite Cache,https://files.collective.gg/p/cards/9779d1b0-0254-20e6-dae6-ab13b2b07d3f-s.png
Gifted Telepath,https://files.collective.gg/p/cards/059c1926-560d-4185-d097-dec22155e194-s.png
Gladiator Mace,https://files.collective.gg/p/cards/d9320795-9282-51e0-124f-db0deae40383-s.png
Zealous Missionary,https://files.collective.gg/p/cards/cf5fb9f9-03c8-813f-5180-09d40d7945a2-s.png
Haunting Reminder,https://files.collective.gg/p/cards/1ac70b92-e6bd-5920-7aea-bdaccd6f54a7-s.png
Hermit Fishmonger,https://files.collective.gg/p/cards/08057d4f-9d49-40d2-ada2-0ff83b6c5928-s.png
Highland Heavyweight,https://files.collective.gg/p/cards/da778d41-6b5b-3041-09f4-9b73a6ab9e71-s.png
Elusive Goatrabbit,https://files.collective.gg/p/cards/8eb51fe2-446e-0aad-1fbf-1f4b77066fe9-s.png
Iceratops,https://files.collective.gg/p/cards/64361057-baf1-f66a-b643-7e661b3b6efe-s.png
Iceshard Dagger,https://files.collective.gg/p/cards/d671eb8a-aa8f-5c9d-ccb2-bc2df082bfb1-s.png
Imp of Halitosis,https://files.collective.gg/p/cards/814d77ae-e004-60cd-3614-232a7cf931b5-s.png
Lizabo Hunter,https://files.collective.gg/p/cards/e8aab2c0-61ed-9eb9-7a3d-0fa3e77754f1-s.png
Lizabo Thief,https://files.collective.gg/p/cards/8cd2a1a3-443e-647a-a2e0-b933546ff148-s.png
Lizabo Nestmother,https://files.collective.gg/p/cards/6d5b5b0f-2b71-f029-4243-19b8880935f4-m.png
Food Cart,https://files.collective.gg/p/cards/e4c1ee99-bbee-7292-7177-42e1ee1fd7a9-s.png
Lost Villager,https://files.collective.gg/p/cards/a4e0660d-367f-35bb-7c51-c357f7bac91e-s.png
Maricha,https://files.collective.gg/p/cards/ab786291-66b5-49e8-65cc-1085abcab4bc-s.png
Miner Demon,https://files.collective.gg/p/cards/20844f81-1794-ad24-c07f-4f553137ca58-s.png
Moonlight Prowler,https://files.collective.gg/p/cards/01ad9769-e020-5fc2-429b-4983a85b32d1-s.png
Warpstone,https://files.collective.gg/p/cards/968837fc-378e-1227-e33c-0ae24e6f11b9-s.png
Neanderwyn,https://files.collective.gg/p/cards/f6c5320d-4739-c279-e268-fc80017c61a0-s.png
Nightvision Carrot,https://files.collective.gg/p/cards/113a0eee-4bdb-50f8-38ce-7f679821c23c-s.png
Ominous Toucan,https://files.collective.gg/p/cards/cb239976-98ad-2398-678a-84d8d017f508-s.png
Ozealan Kraken,https://files.collective.gg/p/cards/49eab7d3-f16f-b401-4632-91cdbacaf2dd-s.png
Lost Experiment,https://files.collective.gg/p/cards/b80df7fa-9c32-fcd1-686a-b2569b358f69-s.png
Pilshroom Warrior,https://files.collective.gg/p/cards/c26c572e-e198-2d4d-fc70-e04232abb821-s.png
Giant Frog,https://files.collective.gg/p/cards/3be2842a-7f3a-d3a3-f5f2-ead78bdd5aef-s.png
Rabock Helmet,https://files.collective.gg/p/cards/e2e5e655-9c6d-fb06-5097-c981e0cc22f1-s.png
Astral Blast,https://files.collective.gg/p/cards/cb57f276-d112-0672-54b4-9a7be40f0f57-s.png
Roast Beast,https://files.collective.gg/p/cards/9e7249d4-9555-39ea-9fab-7b3c98cf056f-s.png
Scavenger Crab,https://files.collective.gg/p/cards/91c7f277-9788-929d-658e-e85632da0778-s.png
Cave Slug,https://files.collective.gg/p/cards/1f549623-acce-84ec-1ed7-50e97da24a8c-s.png
Westwind Channeler,https://files.collective.gg/p/cards/72d3ef03-f9a6-4cb6-fe36-43f06b1640d8-s.png
Servant of Maricha,https://files.collective.gg/p/cards/e5d6eb3b-12f0-f15c-f00b-1c3958c360e2-s.png
Imp of Procrastination,https://files.collective.gg/p/cards/d5b5c194-9986-6ec1-ab58-f0911e378751-s.png
Spider King,https://files.collective.gg/p/cards/89bddc86-0fe3-0fef-cde6-2420c81a9caf-m.png
Spooky Spider,https://files.collective.gg/p/cards/4c37fb51-10ea-572e-93a7-6067577f4270-s.png
Superb Sushi,https://files.collective.gg/p/cards/6aaab3d8-aa93-2bc8-d23a-c955b1c7f9ef-s.png
Stoneskin,https://files.collective.gg/p/cards/9d316ce1-ad9c-f482-d8d6-52280eb5ff3b-s.png
Sunken Treasure,https://files.collective.gg/p/cards/65f8008a-2303-a3a9-8eef-39bf81ff8e44-s.png
Surveyor Bot,https://files.collective.gg/p/cards/f7e6d087-7712-d19d-bec3-21461d296044-s.png
Titan Of The Old Ways,https://files.collective.gg/p/cards/9d918226-f8ef-5042-89f5-86dc679e8c88-s.png
Tormented Warlock,https://files.collective.gg/p/cards/b1d9abc7-f9da-d479-fc67-1acd2cdf8bf3-m.png
Toucan Egg,https://files.collective.gg/p/cards/c255e721-4682-c682-5a16-ec71e3d52420-m.png
Warrior Bot,https://files.collective.gg/p/cards/ad645a3a-c35d-0509-f9f7-eab5d6e03dd4-s.png
Webewal Spider,https://files.collective.gg/p/cards/0b06d84d-5146-1ad0-5207-6b1f827a9f4c-s.png
Wide-Eyed Tourist,https://files.collective.gg/p/cards/42e8f2de-0c40-4fad-082c-5d29d392dd60-s.png
Wild Cannibal,https://files.collective.gg/p/cards/1570968c-5708-a271-30fe-a410e15065a6-s.png
Winter Festival,https://files.collective.gg/p/cards/88e315f4-c307-4416-3681-7c6e73b0ab59-s.png
Witch's Envoy,https://files.collective.gg/p/cards/9ef7a493-f947-bd1d-f0ae-bc6efe5956e0-s.png
Reanimated Feowyn,https://files.collective.gg/p/cards/5388c937-87df-3c16-6f8c-e076119d848e-s.png
Uppercut,https://files.collective.gg/p/cards/649e5434-f30b-9c1d-f28d-ff593fbe1743-s.png
Chased Chicken,https://files.collective.gg/p/cards/85305936-0612-975d-ce3c-f090bbb947bd-m.png
Democracy Demon,https://files.collective.gg/p/cards/9e97376c-ca11-4d1e-a871-e6257fe5ea88-s.png
Absolute Fire,https://files.collective.gg/p/cards/e3defbf0-5999-11e8-8ec9-239039934ce3-s.png
Counterspell,https://files.collective.gg/p/cards/8e7aefd0-6b4f-11e8-806c-f193bc11648d-s.png
Dashing Hero,https://files.collective.gg/p/cards/541f7720-6aa0-11e8-806c-f193bc11648d-m.png
Fall of the Weak,https://files.collective.gg/p/cards/e641e8c0-6b8d-11e8-806c-f193bc11648d-s.png
The First Knight,https://files.collective.gg/p/cards/ba5d6b80-6a07-11e8-901a-496239a22880-m.png
Frog Rain,https://files.collective.gg/p/cards/5b7615b0-6a55-11e8-901a-496239a22880-m.png
Gift of Peace,https://files.collective.gg/p/cards/376b3c50-6b3a-11e8-806c-f193bc11648d-s.png
Electric Magi,https://files.collective.gg/p/cards/639f2630-6a5c-11e8-901a-496239a22880-s.png
Devourer of Worlds,https://files.collective.gg/p/cards/a47f2a00-6a08-11e8-901a-496239a22880-s.png
Well of Wishes,https://files.collective.gg/p/cards/9eab8ec0-699f-11e8-b0c5-550bb775ceec-s.png
Scavenge,https://files.collective.gg/p/cards/ec99bd50-ed21-4539-9b91-40a24a401dfc-s.png
Devouring Shade,https://files.collective.gg/p/cards/2a948cdb-596c-4385-9836-f8b01ccc2e79-s.png
King Cannibal,https://files.collective.gg/p/cards/5f85c3f0-9361-4bc4-8326-ef3a5c95d6de-s.png
Smug Boardgamer,https://files.collective.gg/p/cards/dadec040-4976-11e8-b59d-bbc9192a1c50-m.png
Very Bouncy Spell,https://files.collective.gg/p/cards/c24e1116-d846-4206-9b8c-03c882b545f2-s.png
Greater Miner Demon,https://files.collective.gg/p/cards/901b7230-c61c-41d2-a07d-d5a8e060c66f-s.png
Psychedelic Sheep,https://files.collective.gg/p/cards/8d3a85e7-ad36-40d6-a67b-ee2e23d10976-s.png
Health Potion,https://files.collective.gg/p/cards/4a2158a4-d6f8-426f-a66a-cfff89a566a6-s.png
Trusty steed,https://files.collective.gg/p/cards/cbe17bb0-497a-11e8-b59d-bbc9192a1c50-m.png
FizzBuzzBot,https://files.collective.gg/p/cards/2821d420-497f-11e8-baaf-412949fd79f0-m.png
Relentless Undead,https://files.collective.gg/p/cards/d430a83c-d1ed-401a-8061-c7907553ada5-s.png
Hot Air Balloon,https://files.collective.gg/p/cards/cff4ad40-61d4-11e8-99dc-ebe766378993-s.png
Lucrative Expedition,https://files.collective.gg/p/cards/4b7a2dcd-c280-4eb1-8ada-57afbfa0c021-s.png
Pack Raptor,https://files.collective.gg/p/cards/3504cd20-6728-11e8-b116-7b727aa85875-s.png
Consuming Horror,https://files.collective.gg/p/cards/18082e70-57fa-11e8-9187-13d6b348fdb1-s.png
Seraph of Salvation,https://files.collective.gg/p/cards/15a38e00-67b2-11e8-8482-936597dea572-s.png
Flat Tax,https://files.collective.gg/p/cards/e2d61761-a21f-4ae6-b4fa-e886e311260e-s.png
Shadow Pouncer,https://files.collective.gg/p/cards/8d4fadd5-e421-42ba-b99a-86b94777baa2-s.png
